/*
 Navicat Premium Dump SQL

 Source Server         : 192.168.99.100
 Source Server Type    : MySQL
 Source Server Version : 80042 (8.0.42)
 Source Host           : 192.168.99.100:3306
 Source Schema         : myproject

 Target Server Type    : MySQL
 Target Server Version : 80042 (8.0.42)
 File Encoding         : 65001

 Date: 08/05/2026 00:15:58
*/

SET NAMES utf8mb4;
SET FOREIGN_KEY_CHECKS = 0;

-- ----------------------------
-- Table structure for sys_article
-- ----------------------------
DROP TABLE IF EXISTS `sys_article`;
CREATE TABLE `sys_article`  (
  `id` bigint NOT NULL AUTO_INCREMENT COMMENT 'ж–Үз« id',
  `title` varchar(255) CHARACTER SET utf8mb4 COLLATE utf8mb4_german2_ci NULL DEFAULT NULL COMMENT 'ж–Үз« еҗҚ',
  `cover` varchar(255) CHARACTER SET utf8mb4 COLLATE utf8mb4_german2_ci NULL DEFAULT NULL COMMENT 'йў„и§Ҳеӣҫ',
  `is_deleted` varchar(255) CHARACTER SET utf8mb4 COLLATE utf8mb4_german2_ci NULL DEFAULT NULL COMMENT 'еҲ йҷӨж Үеҝ—',
  `read_num` int NULL DEFAULT 0 COMMENT 'йҳ…иҜ»ж¬Ўж•°',
  PRIMARY KEY (`id`) USING BTREE
) ENGINE = InnoDB AUTO_INCREMENT = 2049152412669284355 CHARACTER SET = utf8mb4 COLLATE = utf8mb4_german2_ci COMMENT = 'ж–Үз« иЎЁ' ROW_FORMAT = DYNAMIC;

-- ----------------------------
-- Records of sys_article
-- ----------------------------
INSERT INTO `sys_article` VALUES (2049152412669284354, 'жҲ‘зҡ„з¬¬дёҖзҜҮж–Үз« ', NULL, NULL, 0);

-- ----------------------------
-- Table structure for sys_article_category_rel
-- ----------------------------
DROP TABLE IF EXISTS `sys_article_category_rel`;
CREATE TABLE `sys_article_category_rel`  (
  `id` bigint NOT NULL COMMENT 'id',
  `category_id` bigint NOT NULL COMMENT 'еҲҶзұ»id',
  `article_id` bigint NOT NULL COMMENT 'ж–Үз« id',
  PRIMARY KEY (`article_id`, `category_id`) USING BTREE,
  UNIQUE INDEX `sys_article_category_rel_pk`(`id` ASC) USING BTREE
) ENGINE = InnoDB CHARACTER SET = utf8mb4 COLLATE = utf8mb4_german2_ci ROW_FORMAT = DYNAMIC;

-- ----------------------------
-- Records of sys_article_category_rel
-- ----------------------------

-- ----------------------------
-- Table structure for sys_article_content
-- ----------------------------
DROP TABLE IF EXISTS `sys_article_content`;
CREATE TABLE `sys_article_content`  (
  `article_id` bigint NOT NULL COMMENT 'ж–Үз« id',
  `oss_id` bigint NOT NULL COMMENT 'ж–Үд»¶id',
  PRIMARY KEY (`article_id`, `oss_id`) USING BTREE
) ENGINE = InnoDB CHARACTER SET = utf8mb4 COLLATE = utf8mb4_german2_ci COMMENT = 'ж–Үз« еҶ…е®№' ROW_FORMAT = DYNAMIC;

-- ----------------------------
-- Records of sys_article_content
-- ----------------------------
INSERT INTO `sys_article_content` VALUES (2049152412669284354, 310800365245431808);

-- ----------------------------
-- Table structure for sys_article_tag_rel
-- ----------------------------
DROP TABLE IF EXISTS `sys_article_tag_rel`;
CREATE TABLE `sys_article_tag_rel`  (
  `article_id` bigint NOT NULL COMMENT 'ж–Үз« id',
  `tag_id` bigint NOT NULL COMMENT 'ж Үзӯҫid',
  PRIMARY KEY (`tag_id`, `article_id`) USING BTREE
) ENGINE = InnoDB CHARACTER SET = utf8mb4 COLLATE = utf8mb4_german2_ci COMMENT = 'ж–Үз« ж Үзӯҫе…ізі»иЎЁ' ROW_FORMAT = DYNAMIC;

-- ----------------------------
-- Records of sys_article_tag_rel
-- ----------------------------

-- ----------------------------
-- Table structure for sys_category
-- ----------------------------
DROP TABLE IF EXISTS `sys_category`;
CREATE TABLE `sys_category`  (
  `id` bigint NOT NULL COMMENT 'еҲҶзұ»id',
  `name` varchar(255) CHARACTER SET utf8mb4 COLLATE utf8mb4_german2_ci NOT NULL COMMENT 'еҲҶзұ»еҗҚ',
  `is_deleted` varchar(255) CHARACTER SET utf8mb4 COLLATE utf8mb4_german2_ci NULL DEFAULT NULL COMMENT 'еҲ йҷӨж Үеҝ—',
  PRIMARY KEY (`id`) USING BTREE
) ENGINE = InnoDB CHARACTER SET = utf8mb4 COLLATE = utf8mb4_german2_ci COMMENT = 'ж–Үз« еҲҶзұ»' ROW_FORMAT = DYNAMIC;

-- ----------------------------
-- Records of sys_category
-- ----------------------------
INSERT INTO `sys_category` VALUES (307182234019168256, 'еҲҶзұ»2', NULL);

-- ----------------------------
-- Table structure for sys_menu
-- ----------------------------
DROP TABLE IF EXISTS `sys_menu`;
CREATE TABLE `sys_menu`  (
  `menu_id` int NOT NULL AUTO_INCREMENT COMMENT 'иҸңеҚ•id',
  `menu_name` varchar(255) CHARACTER SET utf8mb4 COLLATE utf8mb4_german2_ci NOT NULL COMMENT 'иҸңеҚ•еҗҚз§°',
  `per_code` varchar(255) CHARACTER SET utf8mb4 COLLATE utf8mb4_german2_ci NULL DEFAULT NULL COMMENT 'жқғйҷҗcode',
  `menu_type` varchar(255) CHARACTER SET utf8mb4 COLLATE utf8mb4_german2_ci NOT NULL COMMENT 'иҸңеҚ•зұ»еһӢ',
  `menu_sort` int NOT NULL COMMENT 'жҺ’еәҸ',
  `parent_id` int NULL DEFAULT NULL COMMENT 'зҲ¶зә§id',
  `path` varchar(255) CHARACTER SET utf8mb4 COLLATE utf8mb4_german2_ci NULL DEFAULT NULL COMMENT 'и·Ҝз”ұең°еқҖ',
  `component` varchar(255) CHARACTER SET utf8mb4 COLLATE utf8mb4_german2_ci NULL DEFAULT NULL COMMENT 'з»„д»¶и·Ҝеҫ„',
  `component_name` varchar(255) CHARACTER SET utf8mb4 COLLATE utf8mb4_german2_ci NULL DEFAULT NULL COMMENT 'з»„д»¶еҗҚз§°',
  `status` int NOT NULL DEFAULT 0 COMMENT 'зҠ¶жҖҒ',
  PRIMARY KEY (`menu_id`) USING BTREE
) ENGINE = InnoDB AUTO_INCREMENT = 3003 CHARACTER SET = utf8mb4 COLLATE = utf8mb4_german2_ci COMMENT = 'иҸңеҚ•жқғйҷҗиЎЁ' ROW_FORMAT = DYNAMIC;

-- ----------------------------
-- Records of sys_menu
-- ----------------------------
INSERT INTO `sys_menu` VALUES (1, 'зі»з»ҹз®ЎзҗҶ', 's', 'M', 1, 0, '/system', NULL, NULL, 0);
INSERT INTO `sys_menu` VALUES (2, 'еҚҡе®ўз®ЎзҗҶ', 's', 'M', 2, 0, '/blog', NULL, NULL, 0);
INSERT INTO `sys_menu` VALUES (3, 'OSSеӯҳеӮЁ', 's', 'M', 99, 0, '/oss', NULL, NULL, 0);
INSERT INTO `sys_menu` VALUES (4, 'д»Јз Ғз”ҹжҲҗеҷЁ', 's', 'M', 99, 0, '/generator', NULL, NULL, 0);
INSERT INTO `sys_menu` VALUES (1001, 'з”ЁжҲ·з®ЎзҗҶ', 'test:001', 'C', 1, 1, '/system/user', 'system/user/index', 'User', 0);
INSERT INTO `sys_menu` VALUES (1002, 'и§’иүІз®ЎзҗҶ', 'confirm:002', 'C', 2, 1, '/system/role', 'system/role/index', 'Role', 0);
INSERT INTO `sys_menu` VALUES (1003, 'иҸңеҚ•з®ЎзҗҶ', 'test:002', 'C', 3, 1, '/system/menu', 'system/menu/index', 'Menu', 0);
INSERT INTO `sys_menu` VALUES (2001, 'еҲҶзұ»з®ЎзҗҶ', 's', 'C', 1, 2, '/blog/category', 'blog/category/index', NULL, 0);
INSERT INTO `sys_menu` VALUES (2002, 'ж Үзӯҫз®ЎзҗҶ', 's', 'C', 99, 2, '/blog/tag', 'blog/tag/index', NULL, 0);
INSERT INTO `sys_menu` VALUES (2003, 'ж–Үз« з®ЎзҗҶ', 's', 'C', 99, 2, '/blog/article', 'blog/article/index', NULL, 0);
INSERT INTO `sys_menu` VALUES (2004, 'еҶ…е®№з®ЎзҗҶ', 's', 'C', 99, 2, '/blog/content', 'blog/content/index', NULL, 0);
INSERT INTO `sys_menu` VALUES (3001, 'OSSй…ҚзҪ®', 's', 'C', 99, 3, '/oss/config', 'oss/config/index', 'OSSй…ҚзҪ®', 0);
INSERT INTO `sys_menu` VALUES (3002, 'OSSж–Үд»¶', 's', 'C', 99, 3, '/oss/file', 'oss/file/index', 'OSSж–Үд»¶', 0);

-- ----------------------------
-- Table structure for sys_oss_config
-- ----------------------------
DROP TABLE IF EXISTS `sys_oss_config`;
CREATE TABLE `sys_oss_config`  (
  `id` bigint NOT NULL AUTO_INCREMENT COMMENT 'дё»й”®ID',
  `config_name` varchar(100) CHARACTER SET utf8mb4 COLLATE utf8mb4_0900_ai_ci NOT NULL COMMENT 'й…ҚзҪ®еҗҚз§°пјҲе”ҜдёҖж ҮиҜҶпјү',
  `provider` varchar(50) CHARACTER SET utf8mb4 COLLATE utf8mb4_0900_ai_ci NOT NULL COMMENT 'жҸҗдҫӣе•Ҷзұ»еһӢпјҲaliyunгҖҒminioзӯүпјү',
  `endpoint` varchar(255) CHARACTER SET utf8mb4 COLLATE utf8mb4_0900_ai_ci NOT NULL COMMENT 'жңҚеҠЎз«ҜзӮ№',
  `access_key` varchar(255) CHARACTER SET utf8mb4 COLLATE utf8mb4_0900_ai_ci NOT NULL COMMENT 'и®ҝй—®еҜҶй’Ҙ',
  `secret_key` varchar(255) CHARACTER SET utf8mb4 COLLATE utf8mb4_0900_ai_ci NOT NULL COMMENT 'з§ҳеҜҶеҜҶй’Ҙ',
  `bucket_name` varchar(100) CHARACTER SET utf8mb4 COLLATE utf8mb4_0900_ai_ci NOT NULL COMMENT 'еӯҳеӮЁжЎ¶еҗҚз§°',
  `region` varchar(50) CHARACTER SET utf8mb4 COLLATE utf8mb4_0900_ai_ci NULL DEFAULT NULL COMMENT 'еҢәеҹҹпјҲеҸҜйҖүпјү',
  `extra_config` text CHARACTER SET utf8mb4 COLLATE utf8mb4_0900_ai_ci NULL COMMENT 'JSONж јејҸзҡ„жү©еұ•й…ҚзҪ®',
  `is_active` tinyint NOT NULL DEFAULT 1 COMMENT 'жҳҜеҗҰеҗҜз”ЁпјҲ1еҗҜз”ЁпјҢ0зҰҒз”Ёпјү',
  `created_at` datetime NOT NULL DEFAULT CURRENT_TIMESTAMP COMMENT 'еҲӣе»әж—¶й—ҙ',
  `updated_at` datetime NOT NULL DEFAULT CURRENT_TIMESTAMP ON UPDATE CURRENT_TIMESTAMP COMMENT 'жӣҙж–°ж—¶й—ҙ',
  PRIMARY KEY (`id`) USING BTREE,
  UNIQUE INDEX `uk_config_name`(`config_name` ASC) USING BTREE,
  INDEX `idx_provider`(`provider` ASC) USING BTREE,
  INDEX `idx_is_active`(`is_active` ASC) USING BTREE
) ENGINE = InnoDB AUTO_INCREMENT = 4 CHARACTER SET = utf8mb4 COLLATE = utf8mb4_0900_ai_ci COMMENT = 'OSSй…ҚзҪ®иЎЁ' ROW_FORMAT = Dynamic;

-- ----------------------------
-- Records of sys_oss_config
-- ----------------------------
INSERT INTO `sys_oss_config` VALUES (1, 'aliyun-default', 'aliyun', 'https://oss-cn-hangzhou.aliyuncs.com', 'your-access-key-id', 'your-access-key-secret', 'my-bucket', 'cn-hangzhou', NULL, 0, '2026-04-10 15:28:25', '2026-04-10 15:28:25');
INSERT INTO `sys_oss_config` VALUES (2, 'minio-local', 'minio', 'http://192.168.99.100:9000', 'c49ak3akZPzJpI0EoyUs', 'LQX4Cu3IbZd9nTr5g1LGQJYkTa5J3H5PVpQmuMBL', 'my-bucket', NULL, '{\"pathStyleAccess\": true}', 1, '2026-04-10 15:28:25', '2026-04-10 15:28:25');
INSERT INTO `sys_oss_config` VALUES (3, '12', '1', '3', '1', '1', '1', '1', NULL, 0, '2026-04-20 17:08:52', '2026-04-20 17:08:52');

-- ----------------------------
-- Table structure for sys_oss_file
-- ----------------------------
DROP TABLE IF EXISTS `sys_oss_file`;
CREATE TABLE `sys_oss_file`  (
  `oss_id` bigint NOT NULL AUTO_INCREMENT,
  `file_name` varchar(255) CHARACTER SET utf8mb4 COLLATE utf8mb4_general_ci NOT NULL,
  `original_name` varchar(255) CHARACTER SET utf8mb4 COLLATE utf8mb4_general_ci NOT NULL,
  `file_suffix` varchar(255) CHARACTER SET utf8mb4 COLLATE utf8mb4_general_ci NOT NULL,
  `file_url` varchar(255) CHARACTER SET utf8mb4 COLLATE utf8mb4_general_ci NOT NULL,
  `content_type` varchar(255) CHARACTER SET utf8mb4 COLLATE utf8mb4_general_ci NOT NULL,
  PRIMARY KEY (`oss_id`) USING BTREE
) ENGINE = InnoDB AUTO_INCREMENT = 310800365245431809 CHARACTER SET = utf8mb4 COLLATE = utf8mb4_general_ci ROW_FORMAT = DYNAMIC;

-- ----------------------------
-- Records of sys_oss_file
-- ----------------------------
INSERT INTO `sys_oss_file` VALUES (1, '0b52a287-cbfe-4e96-b94b-88a8362f6bae.jpg', 'QQеӣҫзүҮ20231105182412.jpg', 'jpg', 'https://qjj-learn.oss-cn-shanghai.aliyuncs.com/test2/0b52a287-cbfe-4e96-b94b-88a8362f6bae.jpg', '');
INSERT INTO `sys_oss_file` VALUES (2, '4dcac91a-d2df-4e5b-b926-16998b2d5ed1.jpg', 'QQеӣҫзүҮ20231105182412.jpg', 'jpg', 'https://qjj-learn.oss-cn-shanghai.aliyuncs.com/test2/4dcac91a-d2df-4e5b-b926-16998b2d5ed1.jpg', '');
INSERT INTO `sys_oss_file` VALUES (3, 'c76a6bc5-8225-414d-b4d9-a7340034775b.jpg', 'QQеӣҫзүҮ20231105182412.jpg', 'jpg', 'https://qjj-learn.oss-cn-shanghai.aliyuncs.com/test3/c76a6bc5-8225-414d-b4d9-a7340034775b.jpg', '');
INSERT INTO `sys_oss_file` VALUES (4, '16288477-fc46-41f7-a5e4-a833becb7f2c.png', 'QQжҲӘеӣҫ20240407211705.png', 'png', 'http://192.168.99.100:9000/my-bucket/16288477-fc46-41f7-a5e4-a833becb7f2c.png', '');
INSERT INTO `sys_oss_file` VALUES (5, 'f0a5f327-a6c5-4e65-bd4e-eb68325a6d9f.png', 'QQжҲӘеӣҫ20240407211705.png', 'png', 'http://192.168.99.100:9000/my-bucket/f0a5f327-a6c5-4e65-bd4e-eb68325a6d9f.png', '');
INSERT INTO `sys_oss_file` VALUES (6, 'af2fb449-394f-4624-9104-5495fd97333e.png', 'QQжҲӘеӣҫ20240407211705.png', 'png', 'http://192.168.99.100:9000/my-bucket/af2fb449-394f-4624-9104-5495fd97333e.png', '');
INSERT INTO `sys_oss_file` VALUES (7, '80b56b98-6297-454d-a93c-671ebe376ad1.png', 'QQжҲӘеӣҫ20240407211705.png', 'png', 'http://192.168.99.100:9000/my-bucket/80b56b98-6297-454d-a93c-671ebe376ad1.png', 'image/png');
INSERT INTO `sys_oss_file` VALUES (307551693804142592, 'e229797a-f337-477d-9802-ffb5bc47edb2.md', 'ssss.md', 'md', 'http://192.168.99.100:9000/my-bucket/e229797a-f337-477d-9802-ffb5bc47edb2.md', 'text/markdown');
INSERT INTO `sys_oss_file` VALUES (307552411755741184, '9b598633-d7e5-44fb-a65f-20647aa39358.md', 'ssss.md', 'md', 'http://192.168.99.100:9000/my-bucket/9b598633-d7e5-44fb-a65f-20647aa39358.md', 'text/markdown');
INSERT INTO `sys_oss_file` VALUES (307552632485183488, 'c01d98f8-870c-425a-8f3e-77315c032df6.md', 'ssss.md', 'md', 'http://192.168.99.100:9000/my-bucket/c01d98f8-870c-425a-8f3e-77315c032df6.md', 'text/markdown');
INSERT INTO `sys_oss_file` VALUES (310793926762299392, 'cb2e8713-0610-4d8c-a7e4-3027c9171a29.md', 'жҲ‘зҡ„з¬¬дёҖзҜҮж–Үз« .md', 'md', 'http://192.168.99.100:9000/my-bucket/cb2e8713-0610-4d8c-a7e4-3027c9171a29.md', 'text/markdown');
INSERT INTO `sys_oss_file` VALUES (310798154947887104, '4a09e20e-e8c5-4484-8925-c072eb90360a.md', 'жҲ‘зҡ„з¬¬дёҖзҜҮж–Үз« .md', 'md', 'http://192.168.99.100:9000/my-bucket/4a09e20e-e8c5-4484-8925-c072eb90360a.md', 'text/markdown');
INSERT INTO `sys_oss_file` VALUES (310798596343857152, 'b1d89832-9d0f-4b7c-a08c-c9c3871f0cb0.md', 'жҲ‘зҡ„з¬¬дёҖзҜҮж–Үз« .md', 'md', 'http://192.168.99.100:9000/my-bucket/b1d89832-9d0f-4b7c-a08c-c9c3871f0cb0.md', 'text/markdown');
INSERT INTO `sys_oss_file` VALUES (310800365245431808, '1c16c242-b7ad-4ce1-86d3-2cf9bf168597.md', 'жҲ‘зҡ„з¬¬дёҖзҜҮж–Үз« .md', 'md', 'http://192.168.99.100:9000/my-bucket/1c16c242-b7ad-4ce1-86d3-2cf9bf168597.md', 'text/markdown');

-- ----------------------------
-- Table structure for sys_role
-- ----------------------------
DROP TABLE IF EXISTS `sys_role`;
CREATE TABLE `sys_role`  (
  `role_id` bigint NOT NULL AUTO_INCREMENT COMMENT 'и§’иүІid',
  `role_name` varchar(255) CHARACTER SET utf8mb4 COLLATE utf8mb4_german2_ci NULL DEFAULT NULL COMMENT 'и§’иүІеҗҚ',
  PRIMARY KEY (`role_id`) USING BTREE
) ENGINE = InnoDB AUTO_INCREMENT = 3 CHARACTER SET = utf8mb4 COLLATE = utf8mb4_german2_ci COMMENT = 'и§’иүІиЎЁ' ROW_FORMAT = DYNAMIC;

-- ----------------------------
-- Records of sys_role
-- ----------------------------
INSERT INTO `sys_role` VALUES (1, 'admin');
INSERT INTO `sys_role` VALUES (2, 'user');

-- ----------------------------
-- Table structure for sys_role_menu
-- ----------------------------
DROP TABLE IF EXISTS `sys_role_menu`;
CREATE TABLE `sys_role_menu`  (
  `role_id` bigint NOT NULL,
  `meun_id` int NOT NULL
) ENGINE = InnoDB CHARACTER SET = utf8mb4 COLLATE = utf8mb4_german2_ci COMMENT = 'и§’иүІ-иҸңеҚ•жқғйҷҗиЎЁ' ROW_FORMAT = DYNAMIC;

-- ----------------------------
-- Records of sys_role_menu
-- ----------------------------
INSERT INTO `sys_role_menu` VALUES (1, 1);
INSERT INTO `sys_role_menu` VALUES (1, 2);
INSERT INTO `sys_role_menu` VALUES (1, 1001);
INSERT INTO `sys_role_menu` VALUES (1, 1002);
INSERT INTO `sys_role_menu` VALUES (1, 1003);
INSERT INTO `sys_role_menu` VALUES (1, 2001);
INSERT INTO `sys_role_menu` VALUES (2, 1);
INSERT INTO `sys_role_menu` VALUES (2, 1001);
INSERT INTO `sys_role_menu` VALUES (2, 2);
INSERT INTO `sys_role_menu` VALUES (2, 3);

-- ----------------------------
-- Table structure for sys_tag
-- ----------------------------
DROP TABLE IF EXISTS `sys_tag`;
CREATE TABLE `sys_tag`  (
  `id` bigint NOT NULL,
  `name` varchar(255) CHARACTER SET utf8mb4 COLLATE utf8mb4_german2_ci NOT NULL COMMENT 'ж ҮзӯҫеҗҚ',
  `id_deleted` varchar(255) CHARACTER SET utf8mb4 COLLATE utf8mb4_german2_ci NULL DEFAULT NULL,
  PRIMARY KEY (`id`) USING BTREE
) ENGINE = InnoDB CHARACTER SET = utf8mb4 COLLATE = utf8mb4_german2_ci COMMENT = 'ж Үзӯҫ' ROW_FORMAT = DYNAMIC;

-- ----------------------------
-- Records of sys_tag
-- ----------------------------
INSERT INTO `sys_tag` VALUES (2048796667524272129, 'ж Үзӯҫ1', NULL);
INSERT INTO `sys_tag` VALUES (7346097769171390464, 'ж Үзӯҫ222', NULL);
INSERT INTO `sys_tag` VALUES (7346097904244756480, 'ж Үзӯҫ3', NULL);
INSERT INTO `sys_tag` VALUES (7346097918056599552, 'ж Үзӯҫ4', NULL);
INSERT INTO `sys_tag` VALUES (7346097942756855808, 'ж Үзӯҫ5', NULL);

-- ----------------------------
-- Table structure for sys_template_menu
-- ----------------------------
DROP TABLE IF EXISTS `sys_template_menu`;
CREATE TABLE `sys_template_menu`  (
  `menu_id` bigint NOT NULL AUTO_INCREMENT COMMENT 'иҸңеҚ•ID',
  `menu_name` varchar(50) CHARACTER SET utf8mb4 COLLATE utf8mb4_general_ci NOT NULL COMMENT 'иҸңеҚ•еҗҚз§°',
  `parent_id` bigint NULL DEFAULT 0 COMMENT 'зҲ¶иҸңеҚ•ID',
  `order_num` int NULL DEFAULT 0 COMMENT 'жҳҫзӨәйЎәеәҸ',
  `path` varchar(200) CHARACTER SET utf8mb4 COLLATE utf8mb4_general_ci NULL DEFAULT '' COMMENT 'и·Ҝз”ұең°еқҖ',
  `component` varchar(255) CHARACTER SET utf8mb4 COLLATE utf8mb4_general_ci NULL DEFAULT NULL COMMENT 'з»„д»¶и·Ҝеҫ„',
  `query` varchar(255) CHARACTER SET utf8mb4 COLLATE utf8mb4_general_ci NULL DEFAULT NULL COMMENT 'и·Ҝз”ұеҸӮж•°',
  `route_name` varchar(50) CHARACTER SET utf8mb4 COLLATE utf8mb4_general_ci NULL DEFAULT '' COMMENT 'и·Ҝз”ұеҗҚз§°',
  `is_frame` int NULL DEFAULT 1 COMMENT 'жҳҜеҗҰдёәеӨ–й“ҫпјҲ0жҳҜ 1еҗҰпјү',
  `is_cache` int NULL DEFAULT 0 COMMENT 'жҳҜеҗҰзј“еӯҳпјҲ0зј“еӯҳ 1дёҚзј“еӯҳпјү',
  `menu_type` char(1) CHARACTER SET utf8mb4 COLLATE utf8mb4_general_ci NULL DEFAULT '' COMMENT 'иҸңеҚ•зұ»еһӢпјҲMзӣ®еҪ• CиҸңеҚ• FжҢүй’®пјү',
  `visible` char(1) CHARACTER SET utf8mb4 COLLATE utf8mb4_general_ci NULL DEFAULT '0' COMMENT 'иҸңеҚ•зҠ¶жҖҒпјҲ0жҳҫзӨә 1йҡҗи—Ҹпјү',
  `status` char(1) CHARACTER SET utf8mb4 COLLATE utf8mb4_general_ci NULL DEFAULT '0' COMMENT 'иҸңеҚ•зҠ¶жҖҒпјҲ0жӯЈеёё 1еҒңз”Ёпјү',
  `perms` varchar(100) CHARACTER SET utf8mb4 COLLATE utf8mb4_general_ci NULL DEFAULT NULL COMMENT 'жқғйҷҗж ҮиҜҶ',
  `icon` varchar(100) CHARACTER SET utf8mb4 COLLATE utf8mb4_general_ci NULL DEFAULT '#' COMMENT 'иҸңеҚ•еӣҫж Ү',
  `create_by` varchar(64) CHARACTER SET utf8mb4 COLLATE utf8mb4_general_ci NULL DEFAULT '' COMMENT 'еҲӣе»әиҖ…',
  `create_time` datetime NULL DEFAULT NULL COMMENT 'еҲӣе»әж—¶й—ҙ',
  `update_by` varchar(64) CHARACTER SET utf8mb4 COLLATE utf8mb4_general_ci NULL DEFAULT '' COMMENT 'жӣҙж–°иҖ…',
  `update_time` datetime NULL DEFAULT NULL COMMENT 'жӣҙж–°ж—¶й—ҙ',
  `remark` varchar(500) CHARACTER SET utf8mb4 COLLATE utf8mb4_general_ci NULL DEFAULT '' COMMENT 'еӨҮжіЁ',
  PRIMARY KEY (`menu_id`) USING BTREE
) ENGINE = InnoDB AUTO_INCREMENT = 2000 CHARACTER SET = utf8mb4 COLLATE = utf8mb4_general_ci COMMENT = 'иҸңеҚ•жқғйҷҗиЎЁ' ROW_FORMAT = DYNAMIC;

-- ----------------------------
-- Records of sys_template_menu
-- ----------------------------
INSERT INTO `sys_template_menu` VALUES (1, 'зі»з»ҹз®ЎзҗҶ', 0, 1, 'system', NULL, '', '', 1, 0, 'M', '0', '0', '', 'system', 'admin', '2025-07-10 03:21:08', '', NULL, 'зі»з»ҹз®ЎзҗҶзӣ®еҪ•');
INSERT INTO `sys_template_menu` VALUES (2, 'зі»з»ҹзӣ‘жҺ§', 0, 2, 'monitor', NULL, '', '', 1, 0, 'M', '0', '0', '', 'monitor', 'admin', '2025-07-10 03:21:08', '', NULL, 'зі»з»ҹзӣ‘жҺ§зӣ®еҪ•');
INSERT INTO `sys_template_menu` VALUES (3, 'зі»з»ҹе·Ҙе…·', 0, 3, 'tool', NULL, '', '', 1, 0, 'M', '0', '0', '', 'tool', 'admin', '2025-07-10 03:21:08', '', NULL, 'зі»з»ҹе·Ҙе…·зӣ®еҪ•');
INSERT INTO `sys_template_menu` VALUES (4, 'иӢҘдҫқе®ҳзҪ‘', 0, 4, 'http://ruoyi.vip', NULL, '', '', 0, 0, 'M', '0', '0', '', 'guide', 'admin', '2025-07-10 03:21:08', '', NULL, 'иӢҘдҫқе®ҳзҪ‘ең°еқҖ');
INSERT INTO `sys_template_menu` VALUES (100, 'з”ЁжҲ·з®ЎзҗҶ', 1, 1, 'user', 'system/user/index', '', '', 1, 0, 'C', '0', '0', 'system:user:list', 'user', 'admin', '2025-07-10 03:21:08', '', NULL, 'з”ЁжҲ·з®ЎзҗҶиҸңеҚ•');
INSERT INTO `sys_template_menu` VALUES (101, 'и§’иүІз®ЎзҗҶ', 1, 2, 'role', 'system/role/index', '', '', 1, 0, 'C', '0', '0', 'system:role:list', 'peoples', 'admin', '2025-07-10 03:21:08', '', NULL, 'и§’иүІз®ЎзҗҶиҸңеҚ•');
INSERT INTO `sys_template_menu` VALUES (102, 'иҸңеҚ•з®ЎзҗҶ', 1, 3, 'menu', 'system/menu/index', '', '', 1, 0, 'C', '0', '0', 'system:menu:list', 'tree-table', 'admin', '2025-07-10 03:21:08', '', NULL, 'иҸңеҚ•з®ЎзҗҶиҸңеҚ•');
INSERT INTO `sys_template_menu` VALUES (103, 'йғЁй—Ёз®ЎзҗҶ', 1, 4, 'dept', 'system/dept/index', '', '', 1, 0, 'C', '0', '0', 'system:dept:list', 'tree', 'admin', '2025-07-10 03:21:08', '', NULL, 'йғЁй—Ёз®ЎзҗҶиҸңеҚ•');
INSERT INTO `sys_template_menu` VALUES (104, 'еІ—дҪҚз®ЎзҗҶ', 1, 5, 'post', 'system/post/index', '', '', 1, 0, 'C', '0', '0', 'system:post:list', 'post', 'admin', '2025-07-10 03:21:08', '', NULL, 'еІ—дҪҚз®ЎзҗҶиҸңеҚ•');
INSERT INTO `sys_template_menu` VALUES (105, 'еӯ—е…ёз®ЎзҗҶ', 1, 6, 'dict', 'system/dict/index', '', '', 1, 0, 'C', '0', '0', 'system:dict:list', 'dict', 'admin', '2025-07-10 03:21:08', '', NULL, 'еӯ—е…ёз®ЎзҗҶиҸңеҚ•');
INSERT INTO `sys_template_menu` VALUES (106, 'еҸӮж•°и®ҫзҪ®', 1, 7, 'config', 'system/config/index', '', '', 1, 0, 'C', '0', '0', 'system:config:list', 'edit', 'admin', '2025-07-10 03:21:08', '', NULL, 'еҸӮж•°и®ҫзҪ®иҸңеҚ•');
INSERT INTO `sys_template_menu` VALUES (107, 'йҖҡзҹҘе…¬е‘Ҡ', 1, 8, 'notice', 'system/notice/index', '', '', 1, 0, 'C', '0', '0', 'system:notice:list', 'message', 'admin', '2025-07-10 03:21:08', '', NULL, 'йҖҡзҹҘе…¬е‘ҠиҸңеҚ•');
INSERT INTO `sys_template_menu` VALUES (108, 'ж—Ҙеҝ—з®ЎзҗҶ', 1, 9, 'log', '', '', '', 1, 0, 'M', '0', '0', '', 'log', 'admin', '2025-07-10 03:21:08', '', NULL, 'ж—Ҙеҝ—з®ЎзҗҶиҸңеҚ•');
INSERT INTO `sys_template_menu` VALUES (109, 'еңЁзәҝз”ЁжҲ·', 2, 1, 'online', 'monitor/online/index', '', '', 1, 0, 'C', '0', '0', 'monitor:online:list', 'online', 'admin', '2025-07-10 03:21:08', '', NULL, 'еңЁзәҝз”ЁжҲ·иҸңеҚ•');
INSERT INTO `sys_template_menu` VALUES (110, 'е®ҡж—¶д»»еҠЎ', 2, 2, 'job', 'monitor/job/index', '', '', 1, 0, 'C', '0', '0', 'monitor:job:list', 'job', 'admin', '2025-07-10 03:21:08', '', NULL, 'е®ҡж—¶д»»еҠЎиҸңеҚ•');
INSERT INTO `sys_template_menu` VALUES (111, 'ж•°жҚ®зӣ‘жҺ§', 2, 3, 'druid', 'monitor/druid/index', '', '', 1, 0, 'C', '0', '0', 'monitor:druid:list', 'druid', 'admin', '2025-07-10 03:21:08', '', NULL, 'ж•°жҚ®зӣ‘жҺ§иҸңеҚ•');
INSERT INTO `sys_template_menu` VALUES (112, 'жңҚеҠЎзӣ‘жҺ§', 2, 4, 'server', 'monitor/server/index', '', '', 1, 0, 'C', '0', '0', 'monitor:server:list', 'server', 'admin', '2025-07-10 03:21:08', '', NULL, 'жңҚеҠЎзӣ‘жҺ§иҸңеҚ•');
INSERT INTO `sys_template_menu` VALUES (113, 'зј“еӯҳзӣ‘жҺ§', 2, 5, 'cache', 'monitor/cache/index', '', '', 1, 0, 'C', '0', '0', 'monitor:cache:list', 'redis', 'admin', '2025-07-10 03:21:08', '', NULL, 'зј“еӯҳзӣ‘жҺ§иҸңеҚ•');
INSERT INTO `sys_template_menu` VALUES (114, 'зј“еӯҳеҲ—иЎЁ', 2, 6, 'cacheList', 'monitor/cache/list', '', '', 1, 0, 'C', '0', '0', 'monitor:cache:list', 'redis-list', 'admin', '2025-07-10 03:21:08', '', NULL, 'зј“еӯҳеҲ—иЎЁиҸңеҚ•');
INSERT INTO `sys_template_menu` VALUES (115, 'иЎЁеҚ•жһ„е»ә', 3, 1, 'build', 'tool/build/index', '', '', 1, 0, 'C', '0', '0', 'tool:build:list', 'build', 'admin', '2025-07-10 03:21:08', '', NULL, 'иЎЁеҚ•жһ„е»әиҸңеҚ•');
INSERT INTO `sys_template_menu` VALUES (116, 'д»Јз Ғз”ҹжҲҗ', 3, 2, 'gen', 'tool/gen/index', '', '', 1, 0, 'C', '0', '0', 'tool:gen:list', 'code', 'admin', '2025-07-10 03:21:08', '', NULL, 'д»Јз Ғз”ҹжҲҗиҸңеҚ•');
INSERT INTO `sys_template_menu` VALUES (117, 'зі»з»ҹжҺҘеҸЈ', 3, 3, 'swagger', 'tool/swagger/index', '', '', 1, 0, 'C', '0', '0', 'tool:swagger:list', 'swagger', 'admin', '2025-07-10 03:21:08', '', NULL, 'зі»з»ҹжҺҘеҸЈиҸңеҚ•');
INSERT INTO `sys_template_menu` VALUES (500, 'ж“ҚдҪңж—Ҙеҝ—', 108, 1, 'operlog', 'monitor/operlog/index', '', '', 1, 0, 'C', '0', '0', 'monitor:operlog:list', 'form', 'admin', '2025-07-10 03:21:08', '', NULL, 'ж“ҚдҪңж—Ҙеҝ—иҸңеҚ•');
INSERT INTO `sys_template_menu` VALUES (501, 'зҷ»еҪ•ж—Ҙеҝ—', 108, 2, 'logininfor', 'monitor/logininfor/index', '', '', 1, 0, 'C', '0', '0', 'monitor:logininfor:list', 'logininfor', 'admin', '2025-07-10 03:21:08', '', NULL, 'зҷ»еҪ•ж—Ҙеҝ—иҸңеҚ•');
INSERT INTO `sys_template_menu` VALUES (1000, 'з”ЁжҲ·жҹҘиҜў', 100, 1, '', '', '', '', 1, 0, 'F', '0', '0', 'system:user:query', '#', 'admin', '2025-07-10 03:21:08', '', NULL, '');
INSERT INTO `sys_template_menu` VALUES (1001, 'з”ЁжҲ·ж–°еўһ', 100, 2, '', '', '', '', 1, 0, 'F', '0', '0', 'system:user:add', '#', 'admin', '2025-07-10 03:21:08', '', NULL, '');
INSERT INTO `sys_template_menu` VALUES (1002, 'з”ЁжҲ·дҝ®ж”№', 100, 3, '', '', '', '', 1, 0, 'F', '0', '0', 'system:user:edit', '#', 'admin', '2025-07-10 03:21:08', '', NULL, '');
INSERT INTO `sys_template_menu` VALUES (1003, 'з”ЁжҲ·еҲ йҷӨ', 100, 4, '', '', '', '', 1, 0, 'F', '0', '0', 'system:user:remove', '#', 'admin', '2025-07-10 03:21:08', '', NULL, '');
INSERT INTO `sys_template_menu` VALUES (1004, 'з”ЁжҲ·еҜјеҮә', 100, 5, '', '', '', '', 1, 0, 'F', '0', '0', 'system:user:export', '#', 'admin', '2025-07-10 03:21:08', '', NULL, '');
INSERT INTO `sys_template_menu` VALUES (1005, 'з”ЁжҲ·еҜје…Ҙ', 100, 6, '', '', '', '', 1, 0, 'F', '0', '0', 'system:user:import', '#', 'admin', '2025-07-10 03:21:08', '', NULL, '');
INSERT INTO `sys_template_menu` VALUES (1006, 'йҮҚзҪ®еҜҶз Ғ', 100, 7, '', '', '', '', 1, 0, 'F', '0', '0', 'system:user:resetPwd', '#', 'admin', '2025-07-10 03:21:08', '', NULL, '');
INSERT INTO `sys_template_menu` VALUES (1007, 'и§’иүІжҹҘиҜў', 101, 1, '', '', '', '', 1, 0, 'F', '0', '0', 'system:role:query', '#', 'admin', '2025-07-10 03:21:08', '', NULL, '');
INSERT INTO `sys_template_menu` VALUES (1008, 'и§’иүІж–°еўһ', 101, 2, '', '', '', '', 1, 0, 'F', '0', '0', 'system:role:add', '#', 'admin', '2025-07-10 03:21:08', '', NULL, '');
INSERT INTO `sys_template_menu` VALUES (1009, 'и§’иүІдҝ®ж”№', 101, 3, '', '', '', '', 1, 0, 'F', '0', '0', 'system:role:edit', '#', 'admin', '2025-07-10 03:21:08', '', NULL, '');
INSERT INTO `sys_template_menu` VALUES (1010, 'и§’иүІеҲ йҷӨ', 101, 4, '', '', '', '', 1, 0, 'F', '0', '0', 'system:role:remove', '#', 'admin', '2025-07-10 03:21:08', '', NULL, '');
INSERT INTO `sys_template_menu` VALUES (1011, 'и§’иүІеҜјеҮә', 101, 5, '', '', '', '', 1, 0, 'F', '0', '0', 'system:role:export', '#', 'admin', '2025-07-10 03:21:08', '', NULL, '');
INSERT INTO `sys_template_menu` VALUES (1012, 'иҸңеҚ•жҹҘиҜў', 102, 1, '', '', '', '', 1, 0, 'F', '0', '0', 'system:menu:query', '#', 'admin', '2025-07-10 03:21:08', '', NULL, '');
INSERT INTO `sys_template_menu` VALUES (1013, 'иҸңеҚ•ж–°еўһ', 102, 2, '', '', '', '', 1, 0, 'F', '0', '0', 'system:menu:add', '#', 'admin', '2025-07-10 03:21:08', '', NULL, '');
INSERT INTO `sys_template_menu` VALUES (1014, 'иҸңеҚ•дҝ®ж”№', 102, 3, '', '', '', '', 1, 0, 'F', '0', '0', 'system:menu:edit', '#', 'admin', '2025-07-10 03:21:09', '', NULL, '');
INSERT INTO `sys_template_menu` VALUES (1015, 'иҸңеҚ•еҲ йҷӨ', 102, 4, '', '', '', '', 1, 0, 'F', '0', '0', 'system:menu:remove', '#', 'admin', '2025-07-10 03:21:09', '', NULL, '');
INSERT INTO `sys_template_menu` VALUES (1016, 'йғЁй—ЁжҹҘиҜў', 103, 1, '', '', '', '', 1, 0, 'F', '0', '0', 'system:dept:query', '#', 'admin', '2025-07-10 03:21:09', '', NULL, '');
INSERT INTO `sys_template_menu` VALUES (1017, 'йғЁй—Ёж–°еўһ', 103, 2, '', '', '', '', 1, 0, 'F', '0', '0', 'system:dept:add', '#', 'admin', '2025-07-10 03:21:09', '', NULL, '');
INSERT INTO `sys_template_menu` VALUES (1018, 'йғЁй—Ёдҝ®ж”№', 103, 3, '', '', '', '', 1, 0, 'F', '0', '0', 'system:dept:edit', '#', 'admin', '2025-07-10 03:21:09', '', NULL, '');
INSERT INTO `sys_template_menu` VALUES (1019, 'йғЁй—ЁеҲ йҷӨ', 103, 4, '', '', '', '', 1, 0, 'F', '0', '0', 'system:dept:remove', '#', 'admin', '2025-07-10 03:21:09', '', NULL, '');
INSERT INTO `sys_template_menu` VALUES (1020, 'еІ—дҪҚжҹҘиҜў', 104, 1, '', '', '', '', 1, 0, 'F', '0', '0', 'system:post:query', '#', 'admin', '2025-07-10 03:21:09', '', NULL, '');
INSERT INTO `sys_template_menu` VALUES (1021, 'еІ—дҪҚж–°еўһ', 104, 2, '', '', '', '', 1, 0, 'F', '0', '0', 'system:post:add', '#', 'admin', '2025-07-10 03:21:09', '', NULL, '');
INSERT INTO `sys_template_menu` VALUES (1022, 'еІ—дҪҚдҝ®ж”№', 104, 3, '', '', '', '', 1, 0, 'F', '0', '0', 'system:post:edit', '#', 'admin', '2025-07-10 03:21:09', '', NULL, '');
INSERT INTO `sys_template_menu` VALUES (1023, 'еІ—дҪҚеҲ йҷӨ', 104, 4, '', '', '', '', 1, 0, 'F', '0', '0', 'system:post:remove', '#', 'admin', '2025-07-10 03:21:09', '', NULL, '');
INSERT INTO `sys_template_menu` VALUES (1024, 'еІ—дҪҚеҜјеҮә', 104, 5, '', '', '', '', 1, 0, 'F', '0', '0', 'system:post:export', '#', 'admin', '2025-07-10 03:21:09', '', NULL, '');
INSERT INTO `sys_template_menu` VALUES (1025, 'еӯ—е…ёжҹҘиҜў', 105, 1, '#', '', '', '', 1, 0, 'F', '0', '0', 'system:dict:query', '#', 'admin', '2025-07-10 03:21:09', '', NULL, '');
INSERT INTO `sys_template_menu` VALUES (1026, 'еӯ—е…ёж–°еўһ', 105, 2, '#', '', '', '', 1, 0, 'F', '0', '0', 'system:dict:add', '#', 'admin', '2025-07-10 03:21:09', '', NULL, '');
INSERT INTO `sys_template_menu` VALUES (1027, 'еӯ—е…ёдҝ®ж”№', 105, 3, '#', '', '', '', 1, 0, 'F', '0', '0', 'system:dict:edit', '#', 'admin', '2025-07-10 03:21:09', '', NULL, '');
INSERT INTO `sys_template_menu` VALUES (1028, 'еӯ—е…ёеҲ йҷӨ', 105, 4, '#', '', '', '', 1, 0, 'F', '0', '0', 'system:dict:remove', '#', 'admin', '2025-07-10 03:21:09', '', NULL, '');
INSERT INTO `sys_template_menu` VALUES (1029, 'еӯ—е…ёеҜјеҮә', 105, 5, '#', '', '', '', 1, 0, 'F', '0', '0', 'system:dict:export', '#', 'admin', '2025-07-10 03:21:09', '', NULL, '');
INSERT INTO `sys_template_menu` VALUES (1030, 'еҸӮж•°жҹҘиҜў', 106, 1, '#', '', '', '', 1, 0, 'F', '0', '0', 'system:config:query', '#', 'admin', '2025-07-10 03:21:09', '', NULL, '');
INSERT INTO `sys_template_menu` VALUES (1031, 'еҸӮж•°ж–°еўһ', 106, 2, '#', '', '', '', 1, 0, 'F', '0', '0', 'system:config:add', '#', 'admin', '2025-07-10 03:21:09', '', NULL, '');
INSERT INTO `sys_template_menu` VALUES (1032, 'еҸӮж•°дҝ®ж”№', 106, 3, '#', '', '', '', 1, 0, 'F', '0', '0', 'system:config:edit', '#', 'admin', '2025-07-10 03:21:09', '', NULL, '');
INSERT INTO `sys_template_menu` VALUES (1033, 'еҸӮж•°еҲ йҷӨ', 106, 4, '#', '', '', '', 1, 0, 'F', '0', '0', 'system:config:remove', '#', 'admin', '2025-07-10 03:21:09', '', NULL, '');
INSERT INTO `sys_template_menu` VALUES (1034, 'еҸӮж•°еҜјеҮә', 106, 5, '#', '', '', '', 1, 0, 'F', '0', '0', 'system:config:export', '#', 'admin', '2025-07-10 03:21:09', '', NULL, '');
INSERT INTO `sys_template_menu` VALUES (1035, 'е…¬е‘ҠжҹҘиҜў', 107, 1, '#', '', '', '', 1, 0, 'F', '0', '0', 'system:notice:query', '#', 'admin', '2025-07-10 03:21:09', '', NULL, '');
INSERT INTO `sys_template_menu` VALUES (1036, 'е…¬е‘Ҡж–°еўһ', 107, 2, '#', '', '', '', 1, 0, 'F', '0', '0', 'system:notice:add', '#', 'admin', '2025-07-10 03:21:09', '', NULL, '');
INSERT INTO `sys_template_menu` VALUES (1037, 'е…¬е‘Ҡдҝ®ж”№', 107, 3, '#', '', '', '', 1, 0, 'F', '0', '0', 'system:notice:edit', '#', 'admin', '2025-07-10 03:21:09', '', NULL, '');
INSERT INTO `sys_template_menu` VALUES (1038, 'е…¬е‘ҠеҲ йҷӨ', 107, 4, '#', '', '', '', 1, 0, 'F', '0', '0', 'system:notice:remove', '#', 'admin', '2025-07-10 03:21:09', '', NULL, '');
INSERT INTO `sys_template_menu` VALUES (1039, 'ж“ҚдҪңжҹҘиҜў', 500, 1, '#', '', '', '', 1, 0, 'F', '0', '0', 'monitor:operlog:query', '#', 'admin', '2025-07-10 03:21:09', '', NULL, '');
INSERT INTO `sys_template_menu` VALUES (1040, 'ж“ҚдҪңеҲ йҷӨ', 500, 2, '#', '', '', '', 1, 0, 'F', '0', '0', 'monitor:operlog:remove', '#', 'admin', '2025-07-10 03:21:09', '', NULL, '');
INSERT INTO `sys_template_menu` VALUES (1041, 'ж—Ҙеҝ—еҜјеҮә', 500, 3, '#', '', '', '', 1, 0, 'F', '0', '0', 'monitor:operlog:export', '#', 'admin', '2025-07-10 03:21:09', '', NULL, '');
INSERT INTO `sys_template_menu` VALUES (1042, 'зҷ»еҪ•жҹҘиҜў', 501, 1, '#', '', '', '', 1, 0, 'F', '0', '0', 'monitor:logininfor:query', '#', 'admin', '2025-07-10 03:21:09', '', NULL, '');
INSERT INTO `sys_template_menu` VALUES (1043, 'зҷ»еҪ•еҲ йҷӨ', 501, 2, '#', '', '', '', 1, 0, 'F', '0', '0', 'monitor:logininfor:remove', '#', 'admin', '2025-07-10 03:21:09', '', NULL, '');
INSERT INTO `sys_template_menu` VALUES (1044, 'ж—Ҙеҝ—еҜјеҮә', 501, 3, '#', '', '', '', 1, 0, 'F', '0', '0', 'monitor:logininfor:export', '#', 'admin', '2025-07-10 03:21:09', '', NULL, '');
INSERT INTO `sys_template_menu` VALUES (1045, 'иҙҰжҲ·и§Јй”Ғ', 501, 4, '#', '', '', '', 1, 0, 'F', '0', '0', 'monitor:logininfor:unlock', '#', 'admin', '2025-07-10 03:21:09', '', NULL, '');
INSERT INTO `sys_template_menu` VALUES (1046, 'еңЁзәҝжҹҘиҜў', 109, 1, '#', '', '', '', 1, 0, 'F', '0', '0', 'monitor:online:query', '#', 'admin', '2025-07-10 03:21:09', '', NULL, '');
INSERT INTO `sys_template_menu` VALUES (1047, 'жү№йҮҸејәйҖҖ', 109, 2, '#', '', '', '', 1, 0, 'F', '0', '0', 'monitor:online:batchLogout', '#', 'admin', '2025-07-10 03:21:09', '', NULL, '');
INSERT INTO `sys_template_menu` VALUES (1048, 'еҚ•жқЎејәйҖҖ', 109, 3, '#', '', '', '', 1, 0, 'F', '0', '0', 'monitor:online:forceLogout', '#', 'admin', '2025-07-10 03:21:09', '', NULL, '');
INSERT INTO `sys_template_menu` VALUES (1049, 'д»»еҠЎжҹҘиҜў', 110, 1, '#', '', '', '', 1, 0, 'F', '0', '0', 'monitor:job:query', '#', 'admin', '2025-07-10 03:21:10', '', NULL, '');
INSERT INTO `sys_template_menu` VALUES (1050, 'д»»еҠЎж–°еўһ', 110, 2, '#', '', '', '', 1, 0, 'F', '0', '0', 'monitor:job:add', '#', 'admin', '2025-07-10 03:21:10', '', NULL, '');
INSERT INTO `sys_template_menu` VALUES (1051, 'д»»еҠЎдҝ®ж”№', 110, 3, '#', '', '', '', 1, 0, 'F', '0', '0', 'monitor:job:edit', '#', 'admin', '2025-07-10 03:21:10', '', NULL, '');
INSERT INTO `sys_template_menu` VALUES (1052, 'д»»еҠЎеҲ йҷӨ', 110, 4, '#', '', '', '', 1, 0, 'F', '0', '0', 'monitor:job:remove', '#', 'admin', '2025-07-10 03:21:10', '', NULL, '');
INSERT INTO `sys_template_menu` VALUES (1053, 'зҠ¶жҖҒдҝ®ж”№', 110, 5, '#', '', '', '', 1, 0, 'F', '0', '0', 'monitor:job:changeStatus', '#', 'admin', '2025-07-10 03:21:10', '', NULL, '');
INSERT INTO `sys_template_menu` VALUES (1054, 'д»»еҠЎеҜјеҮә', 110, 6, '#', '', '', '', 1, 0, 'F', '0', '0', 'monitor:job:export', '#', 'admin', '2025-07-10 03:21:10', '', NULL, '');
INSERT INTO `sys_template_menu` VALUES (1055, 'з”ҹжҲҗжҹҘиҜў', 116, 1, '#', '', '', '', 1, 0, 'F', '0', '0', 'tool:gen:query', '#', 'admin', '2025-07-10 03:21:10', '', NULL, '');
INSERT INTO `sys_template_menu` VALUES (1056, 'з”ҹжҲҗдҝ®ж”№', 116, 2, '#', '', '', '', 1, 0, 'F', '0', '0', 'tool:gen:edit', '#', 'admin', '2025-07-10 03:21:10', '', NULL, '');
INSERT INTO `sys_template_menu` VALUES (1057, 'з”ҹжҲҗеҲ йҷӨ', 116, 3, '#', '', '', '', 1, 0, 'F', '0', '0', 'tool:gen:remove', '#', 'admin', '2025-07-10 03:21:10', '', NULL, '');
INSERT INTO `sys_template_menu` VALUES (1058, 'еҜје…Ҙд»Јз Ғ', 116, 4, '#', '', '', '', 1, 0, 'F', '0', '0', 'tool:gen:import', '#', 'admin', '2025-07-10 03:21:10', '', NULL, '');
INSERT INTO `sys_template_menu` VALUES (1059, 'йў„и§Ҳд»Јз Ғ', 116, 5, '#', '', '', '', 1, 0, 'F', '0', '0', 'tool:gen:preview', '#', 'admin', '2025-07-10 03:21:10', '', NULL, '');
INSERT INTO `sys_template_menu` VALUES (1060, 'з”ҹжҲҗд»Јз Ғ', 116, 6, '#', '', '', '', 1, 0, 'F', '0', '0', 'tool:gen:code', '#', 'admin', '2025-07-10 03:21:10', '', NULL, '');

-- ----------------------------
-- Table structure for sys_user
-- ----------------------------
DROP TABLE IF EXISTS `sys_user`;
CREATE TABLE `sys_user`  (
  `user_id` bigint NOT NULL AUTO_INCREMENT COMMENT 'з”ЁжҲ·id',
  `user_name` varchar(255) CHARACTER SET utf8mb4 COLLATE utf8mb4_german2_ci NOT NULL COMMENT 'з”ЁжҲ·еҗҚ',
  `user_pwd` varchar(255) CHARACTER SET utf8mb4 COLLATE utf8mb4_german2_ci NOT NULL COMMENT 'еҜҶз Ғ',
  `user_avator_url` varchar(255) CHARACTER SET utf8mb4 COLLATE utf8mb4_german2_ci NULL DEFAULT NULL COMMENT 'еӨҙеғҸ',
  `user_sex` varchar(255) CHARACTER SET utf8mb4 COLLATE utf8mb4_german2_ci NULL DEFAULT NULL COMMENT 'жҖ§еҲ«',
  `user_phone` varchar(255) CHARACTER SET utf8mb4 COLLATE utf8mb4_german2_ci NULL DEFAULT NULL COMMENT 'жүӢжңә',
  `create_id` bigint NULL DEFAULT NULL COMMENT 'еҲӣе»әдәәid',
  `create_date` datetime NULL DEFAULT NULL COMMENT 'еҲӣе»әж—¶й—ҙ',
  `update_id` bigint NULL DEFAULT NULL COMMENT 'дҝ®ж”№дәәid',
  `update_date` datetime NULL DEFAULT NULL COMMENT 'дҝ®ж”№ж—¶й—ҙ',
  `is_deleted` varchar(255) CHARACTER SET utf8mb4 COLLATE utf8mb4_german2_ci NULL DEFAULT '0' COMMENT 'йҖ»иҫ‘еҲ йҷӨ0пјҡжңүж•ҲпјҢ1еҲ йҷӨ',
  PRIMARY KEY (`user_id`) USING BTREE
) ENGINE = InnoDB AUTO_INCREMENT = 6 CHARACTER SET = utf8mb4 COLLATE = utf8mb4_german2_ci COMMENT = 'з”ЁжҲ·иЎЁ' ROW_FORMAT = DYNAMIC;

-- ----------------------------
-- Records of sys_user
-- ----------------------------
INSERT INTO `sys_user` VALUES (1, 'admin', '$2a$10$xB8E7korwpq54qUErSS1Re.yhFDjHDxc67P2e6nradgGBnLnC3zvG', NULL, '1', NULL, NULL, NULL, NULL, NULL, '0');
INSERT INTO `sys_user` VALUES (2, 'test', '123456', NULL, '0', '13445341234', NULL, NULL, NULL, NULL, '0');
INSERT INTO `sys_user` VALUES (3, 'terw', '$2a$10$.GfeeC3xmREyZr8QjM9naOl33kFtg/8daUvNThWsusJau04957CLC', NULL, '0', '13456780987', NULL, NULL, NULL, NULL, '0');
INSERT INTO `sys_user` VALUES (4, 'tre4', '$2a$10$QvGfYFlmhKzonbwvc2vEVOSFeTenIvX9q.TmPPithx0MEq7mRiDbS', '', '0', '13456781234', NULL, NULL, NULL, NULL, '0');
INSERT INTO `sys_user` VALUES (5, 'qwer', '$2a$10$tgpAtMr1q0TvhG.qkUZ/VOWFCU00lNuBlD3PUA7vPiIaIWlK.p9aK', '', '0', '13487655678', NULL, NULL, NULL, NULL, '1');

-- ----------------------------
-- Table structure for sys_user_role
-- ----------------------------
DROP TABLE IF EXISTS `sys_user_role`;
CREATE TABLE `sys_user_role`  (
  `user_id` bigint NOT NULL,
  `role_id` bigint NOT NULL
) ENGINE = InnoDB CHARACTER SET = utf8mb4 COLLATE = utf8mb4_german2_ci COMMENT = 'з”ЁжҲ·и§’иүІе…іиҒ”иЎЁ' ROW_FORMAT = DYNAMIC;

-- ----------------------------
-- Records of sys_user_role
-- ----------------------------
INSERT INTO `sys_user_role` VALUES (3, 2);
INSERT INTO `sys_user_role` VALUES (1, 2);
INSERT INTO `sys_user_role` VALUES (2, 2);
INSERT INTO `sys_user_role` VALUES (4, 2);
INSERT INTO `sys_user_role` VALUES (5, 2);

SET FOREIGN_KEY_CHECKS = 1;
